{"count":1,"self":1387.9455744,"total":12462.863405999999,"children":{"AgentResetIfDone":{"count":566609,"self":6.9580959999999994,"total":6.9580959999999994,"children":null},"AgentSendState":{"count":566609,"self":45.215696,"total":208.764177,"children":{"CollectObservations":{"count":3966270,"self":163.54847999999998,"total":163.54847999999998,"children":null}}},"BrainDecideAction":{"count":566609,"self":10580.1064448,"total":10580.106154,"children":null},"AcademyStep":{"count":566609,"self":4.3853599999999995,"total":4.3853599999999995,"children":null},"AgentAct":{"count":566609,"self":274.699392,"total":274.69939,"children":null}}}