{"count":1,"self":14599.9151104,"total":60229.269801999995,"children":{"AgentResetIfDone":{"count":3560134,"self":28.3076032,"total":28.307603,"children":null},"AgentSendState":{"count":3560134,"self":180.26170879999998,"total":954.38341099999991,"children":{"CollectObservations":{"count":24920952,"self":774.12167679999993,"total":774.12169999999992,"children":null}}},"BrainDecideAction":{"count":3560134,"self":47442.4213504,"total":47442.422347,"children":null},"AcademyStep":{"count":3560134,"self":15.930384,"total":15.930384,"children":null},"AgentAct":{"count":3560134,"self":0,"total":-2811.691938,"children":null}}}