{"count":1,"self":26.708940799999997,"total":239.834716,"children":{"AgentResetIfDone":{"count":13809,"self":0.14462899999999998,"total":0.14462899999999998,"children":null},"AgentSendState":{"count":13809,"self":1.018158,"total":4.721239,"children":{"CollectObservations":{"count":110472,"self":3.7030808,"total":3.7030809999999996,"children":null}}},"BrainDecideAction":{"count":13809,"self":207.38073599999998,"total":207.380741,"children":null},"AcademyStep":{"count":13809,"self":0.07435,"total":0.07435,"children":null},"AgentAct":{"count":13809,"self":0.802439,"total":0.802439,"children":null}}}9899999999993,"children":null}}}