{"count":1,"self":375.14826239999996,"total":8686.488904,"children":{"AgentResetIfDone":{"count":414663,"self":4.5990952,"total":4.599095,"children":null},"AgentSendState":{"count":414663,"self":37.254604799999996,"total":161.11343,"children":{"CollectObservations":{"count":3317304,"self":123.8588288,"total":123.858824,"children":null}}},"BrainDecideAction":{"count":414663,"self":8115.9315455999995,"total":8115.931369,"children":null},"AcademyStep":{"count":414663,"self":2.635214,"total":2.635214,"children":null},"AgentAct":{"count":414663,"self":27.058908799999998,"total":27.058909999999997,"children":null}}}