{"count":1,"self":325.8655232,"total":11325.855853,"children":{"AgentResetIfDone":{"count":461409,"self":4.413044,"total":4.413044,"children":null},"AgentSendState":{"count":461409,"self":29.0895232,"total":133.040449,"children":{"CollectObservations":{"count":3691272,"self":103.9509248,"total":103.950925,"children":null}}},"BrainDecideAction":{"count":461409,"self":10831.9637504,"total":10831.963456,"children":null},"AcademyStep":{"count":461409,"self":2.617991,"total":2.617991,"children":null},"AgentAct":{"count":461409,"self":27.953027199999998,"total":27.953025999999998,"children":null}}}ldren":null}}}