{"count":1,"self":12.6202968,"total":13.332101999999999,"children":{"AgentResetIfDone":{"count":597,"self":0.008901,"total":0.008901,"children":null},"AgentSendState":{"count":597,"self":0.125016,"total":0.663338,"children":{"CollectObservations":{"count":12537,"self":0.538322,"total":0.538322,"children":null}}},"BrainDecideAction":{"count":597,"self":0.037295999999999996,"total":0.037295999999999996,"children":null}}}