{"count":1,"self":734.6514432,"total":19807.115766,"children":{"AgentResetIfDone":{"count":986659,"self":10.4867776,"total":10.486778,"children":null},"AgentSendState":{"count":986659,"self":64.5328,"total":294.04925099999997,"children":{"CollectObservations":{"count":7893288,"self":229.51644159999998,"total":229.51645399999998,"children":null}}},"BrainDecideAction":{"count":986659,"self":18022.7817472,"total":18022.782152,"children":null},"AcademyStep":{"count":986659,"self":6.2750179999999993,"total":6.2750179999999993,"children":null},"AgentAct":{"count":986659,"self":738.8690944,"total":738.86911,"children":null}}}