{"count":1,"gauges":{},"self":851.4940416,"total":940.876394,"children":{"AgentResetIfDone":{"count":113875,"self":3.162833,"total":3.162833,"children":null},"AgentSendState":{"count":113875,"self":18.3153296,"total":32.25971,"children":{"CollectObservations":{"count":819900,"self":13.9443808,"total":13.944379999999999,"children":null}}},"DecideAction":{"count":113875,"self":35.2566944,"total":35.256693999999996,"children":null},"AcademyStep":{"count":113875,"self":1.737134,"total":1.737134,"children":null},"AgentAct":{"count":113875,"self":16.965056,"total":16.965056,"children":null}}}