{"count":1,"self":75.7271104,"total":89.109481,"children":{"AgentResetIfDone":{"count":4360,"self":0.21384199999999998,"total":0.21384199999999998,"children":null},"AgentSendState":{"count":4360,"self":1.359667,"total":3.765707,"children":{"CollectObservations":{"count":34896,"self":2.40604,"total":2.40604,"children":null}}},"BrainDecideAction":{"count":4360,"self":6.1270219999999993,"total":6.1270219999999993,"children":null},"AcademyStep":{"count":4360,"self":0.119783,"total":0.119783,"children":null},"AgentAct":{"count":4360,"self":3.155154,"total":3.155154,"children":null}}}