{"count":1,"self":47.6179232,"total":48.422556,"children":{"AgentResetIfDone":{"count":2324,"self":0.149145,"total":0.149145,"children":null},"AgentSendState":{"count":2324,"self":0.144175,"total":0.285921,"children":{"CollectObservations":{"count":775,"self":0.14174599999999998,"total":0.14174599999999998,"children":null}}},"BrainDecideAction":{"count":2324,"self":0.108818,"total":0.108818,"children":null},"AcademyStep":{"count":2324,"self":0.09866599999999999,"total":0.09866599999999999,"children":null},"AgentAct":{"count":2324,"self":0.160527,"total":0.160527,"children":null}}}