{"count":1,"self":54.300678399999995,"total":60.891335999999995,"children":{"AgentResetIfDone":{"count":3001,"self":0.149694,"total":0.149694,"children":null},"AgentSendState":{"count":3001,"self":0.952689,"total":2.677314,"children":{"CollectObservations":{"count":24024,"self":1.7246249999999999,"total":1.7246249999999999,"children":null}}},"BrainDecideAction":{"count":3001,"self":3.302732,"total":3.302732,"children":null},"AcademyStep":{"count":3001,"self":0.081987999999999991,"total":0.081987999999999991,"children":null},"AgentAct":{"count":3001,"self":0.37719199999999997,"total":0.37719199999999997,"children":null}}}