{"count":1,"self":336.08376319999996,"total":336.224354,"children":{"AgentResetIfDone":{"count":55,"self":0.0032559999999999998,"total":0.0032559999999999998,"children":null},"AgentSendState":{"count":55,"self":0.046099,"total":0.119173,"children":{"CollectObservations":{"count":456,"self":0.073074,"total":0.073074,"children":null}}},"BrainDecideAction":{"count":55,"self":0.003511,"total":0.003511,"children":null},"AcademyStep":{"count":55,"self":0.004344,"total":0.004344,"children":null},"AgentAct":{"count":55,"self":0.0085449999999999988,"total":0.0085449999999999988,"children":null}}}