{"count":1,"self":59.143136,"total":59.827309,"children":{"AgentResetIfDone":{"count":2884,"self":0.143195,"total":0.143195,"children":null},"AgentSendState":{"count":2884,"self":0.131877,"total":0.223355,"children":{"CollectObservations":{"count":962,"self":0.09147799999999999,"total":0.09147799999999999,"children":null}}},"BrainDecideAction":{"count":2884,"self":0.097074,"total":0.097074,"children":null},"AcademyStep":{"count":2884,"self":0.087388,"total":0.087388,"children":null},"AgentAct":{"count":2884,"self":0.13186399999999998,"total":0.13186399999999998,"children":null}}}