{"count":1,"self":31.903792,"total":32.463443,"children":{"AgentResetIfDone":{"count":1534,"self":0.10846399999999999,"total":0.10846399999999999,"children":null},"AgentSendState":{"count":1534,"self":0.107942,"total":0.19156399999999998,"children":{"CollectObservations":{"count":512,"self":0.083622,"total":0.083622,"children":null}}},"BrainDecideAction":{"count":1534,"self":0.072592999999999991,"total":0.072592999999999991,"children":null},"AcademyStep":{"count":1534,"self":0.073549,"total":0.073549,"children":null},"AgentAct":{"count":1534,"self":0.106849,"total":0.106849,"children":null}}}