{"count":1,"self":1765.3489663999999,"total":1765.4630009999998,"children":{"AgentResetIfDone":{"count":21,"self":0.001287,"total":0.001287,"children":null},"AgentSendState":{"count":21,"self":0.028536,"total":0.042492999999999996,"children":{"CollectObservations":{"count":168,"self":0.013956999999999999,"total":0.013956999999999999,"children":null}}},"BrainDecideAction":{"count":21,"self":0.063049,"total":0.063049,"children":null},"AcademyStep":{"count":21,"self":0.000614,"total":0.000614,"children":null},"AgentAct":{"count":21,"self":0.005386,"total":0.005386,"children":null}}}