{"count":1,"self":159.04896,"total":159.115523,"children":{"AgentResetIfDone":{"count":76,"self":0.007153,"total":0.007153,"children":null},"AgentSendState":{"count":76,"self":0.01151,"total":0.026241999999999998,"children":{"CollectObservations":{"count":26,"self":0.014731999999999999,"total":0.014731999999999999,"children":null}}},"BrainDecideAction":{"count":76,"self":0.0063419999999999995,"total":0.0063419999999999995,"children":null},"AcademyStep":{"count":76,"self":0.004124,"total":0.004124,"children":null},"AgentAct":{"count":76,"self":0.014031,"total":0.014031,"children":null}}}