{
    "count": 1,
    "self": 37.245926399999995,
    "total": 86.7483,
    "children": {
        "AgentResetIfDone": {
            "count": 2510,
            "self": 0.040763,
            "total": 0.040763,
            "children": null
        },
        "AgentSendState": {
            "count": 2510,
            "self": 0.5938629999999999,
            "total": 8.608914,
            "children": {
                "CollectObservations": {
                    "count": 2509,
                    "self": 0.021491,
                    "total": 0.021491,
                    "children": null
                },
                "RenderTextureObservationToTexture": {
                    "count": 2509,
                    "self": 6.44975,
                    "total": 6.44975,
                    "children": null
                },
                "WriteVisualObsAsFloat": {
                    "count": 2509,
                    "self": 1.54381,
                    "total": 1.54381,
                    "children": null
                }
            }
        },
        "BrainDecideAction": {
            "count": 2510,
            "self": 0.208136,
            "total": 40.787561,
            "children": {
                "Communicator.Exchange": {
                    "count": 2509,
                    "self": 40.579423999999996,
                    "total": 40.579425,
                    "children": null
                }
            }
        },
        "AcademyStep": {
            "count": 2510,
            "self": 0.010178999999999999,
            "total": 0.010178999999999999,
            "children": null
        },
        "AgentAct": {
            "count": 2510,
            "self": 0.050227999999999995,
            "total": 0.050227999999999995,
            "children": null
        }
    }
}
