{
    "count": 1,
    "self": 0.42606099999999997,
    "total": 1.7098719999999998,
    "children": {
        "AgentResetIfDone": {
            "count": 183,
            "self": 0.00208,
            "total": 0.00208,
            "children": null
        },
        "AgentSendState": {
            "count": 183,
            "self": 0.042596999999999996,
            "total": 0.337618,
            "children": {
                "CollectObservations": {
                    "count": 182,
                    "self": 0.001522,
                    "total": 0.001522,
                    "children": null
                },
                "RenderTextureObservationToTexture": {
                    "count": 182,
                    "self": 0.293499,
                    "total": 0.293499,
                    "children": null
                }
            }
        },
        "BrainDecideAction": {
            "count": 183,
            "self": 0.021639,
            "total": 0.935504,
            "children": {
                "encodeVisualObs": {
                    "count": 182,
                    "self": 0.047951,
                    "total": 0.047951,
                    "children": null
                },
                "Communicator.Exchange": {
                    "count": 182,
                    "self": 0.865914,
                    "total": 0.865914,
                    "children": null
                }
            }
        },
        "AcademyStep": {
            "count": 183,
            "self": 0.0008719999999999999,
            "total": 0.0008719999999999999,
            "children": null
        },
        "AgentAct": {
            "count": 183,
            "self": 0.005797,
            "total": 0.005797,
            "children": null
        }
    }
}
