{
    "count": 1,
    "self": 1.9404139999999999,
    "total": 32.723380999999996,
    "children": {
        "AgentResetIfDone": {
            "count": 2510,
            "self": 0.030185,
            "total": 0.030185,
            "children": null
        },
        "AgentSendState": {
            "count": 2510,
            "self": 0.435704,
            "total": 4.46148,
            "children": {
                "CollectObservations": {
                    "count": 2509,
                    "self": 0.016263,
                    "total": 0.016263,
                    "children": null
                },
                "RenderTextureObservationToTexture": {
                    "count": 2509,
                    "self": 3.317231,
                    "total": 3.317231,
                    "children": null
                },
                "WriteVisualObsAsFloat": {
                    "count": 2509,
                    "self": 0.692282,
                    "total": 0.692282,
                    "children": null
                }
            }
        },
        "BrainDecideAction": {
            "count": 2510,
            "self": 0.144473,
            "total": 26.224885999999998,
            "children": {
                "AgentInfo.ToProto": {
                    "count": 2509,
                    "self": 0.064783,
                    "total": 0.064783,
                    "children": null
                },
                "Communicator.Exchange": {
                    "count": 2509,
                    "self": 26.0156304,
                    "total": 26.015629999999998,
                    "children": null
                }
            }
        },
        "AcademyStep": {
            "count": 2510,
            "self": 0.011529,
            "total": 0.011529,
            "children": null
        },
        "AgentAct": {
            "count": 2510,
            "self": 0.052322,
            "total": 0.052322,
            "children": null
        }
    }
}
