{
    "count": 1,
    "self": 1.8216489999999999,
    "total": 20.868347,
    "children": {
        "AgentResetIfDone": {
            "count": 2510,
            "self": 0.025477,
            "total": 0.025477,
            "children": null
        },
        "AgentSendState": {
            "count": 2510,
            "self": 0.08362499999999999,
            "total": 3.9886749999999997,
            "children": {
                "CollectObservations": {
                    "count": 2509,
                    "self": 0.016099,
                    "total": 0.016099,
                    "children": null
                },
                "RenderTextureObservationToTexture": {
                    "count": 2509,
                    "self": 3.8889511999999997,
                    "total": 3.8889509999999996,
                    "children": null
                }
            }
        },
        "BrainDecideAction": {
            "count": 2510,
            "self": 0.134274,
            "total": 14.975741999999999,
            "children": {
                "AgentInfo.ToProto": {
                    "count": 2509,
                    "self": 0.047746,
                    "total": 1.559706,
                    "children": {
                        "encodeVisualObs": {
                            "count": 2509,
                            "self": 1.51196,
                            "total": 1.51196,
                            "children": null
                        }
                    }
                },
                "Communicator.Exchange": {
                    "count": 2509,
                    "self": 13.2817616,
                    "total": 13.281761999999999,
                    "children": null
                }
            }
        },
        "AcademyStep": {
            "count": 2510,
            "self": 0.010796,
            "total": 0.010796,
            "children": null
        },
        "AgentAct": {
            "count": 2510,
            "self": 0.043739,
            "total": 0.043739,
            "children": null
        }
    }
}
